{"initial_reset_timestamp": 1634101709.5475066, "timestamps": [1634101709.9236708], "episode_lengths": [57], "episode_rewards": [1.0], "episode_types": ["t"]}