{"initial_reset_timestamp": 1634099296.3095026, "timestamps": [1634099297.0897365], "episode_lengths": [172], "episode_rewards": [230.0], "episode_types": ["t"]}