{"initial_reset_timestamp": 1634183346.9068584, "timestamps": [1634183349.9991634], "episode_lengths": [547], "episode_rewards": [0.0], "episode_types": ["t"]}