{"initial_reset_timestamp": 1634101789.012845, "timestamps": [1634101789.3740826], "episode_lengths": [53], "episode_rewards": [0.0], "episode_types": ["t"]}