{"initial_reset_timestamp": 1634099677.278215, "timestamps": [1634099713.82937], "episode_lengths": [14487], "episode_rewards": [0.0], "episode_types": ["t"]}