{"initial_reset_timestamp": 1634183156.5109017, "timestamps": [1634183213.5063434], "episode_lengths": [547], "episode_rewards": [0.0], "episode_types": ["t"]}