{"initial_reset_timestamp": 1634101728.982152, "timestamps": [1634101758.2771664], "episode_lengths": [218], "episode_rewards": [705.0], "episode_types": ["t"]}