{"initial_reset_timestamp": 1634101798.8129876, "timestamps": [1634101818.1416874], "episode_lengths": [53], "episode_rewards": [0.0], "episode_types": ["t"]}