{"initial_reset_timestamp": 1634101761.0247796, "timestamps": [1634101761.8895345], "episode_lengths": [207], "episode_rewards": [255.0], "episode_types": ["t"]}