{"initial_reset_timestamp": 1634100166.0667777, "timestamps": [1634100188.9828265], "episode_lengths": [9187], "episode_rewards": [0.0], "episode_types": ["t"]}