{"initial_reset_timestamp": 1634099182.0506985, "timestamps": [1634099182.6351402], "episode_lengths": [126], "episode_rewards": [160.0], "episode_types": ["t"]}