{"initial_reset_timestamp": 1634099322.406045, "timestamps": [1634099322.8432398], "episode_lengths": [78], "episode_rewards": [0.0], "episode_types": ["t"]}