{"initial_reset_timestamp": 1634101667.9658217, "timestamps": [1634101680.6500273], "episode_lengths": [143], "episode_rewards": [10.0], "episode_types": ["t"]}