{"initial_reset_timestamp": 1634099004.6271079, "timestamps": [1634099005.278655], "episode_lengths": [48], "episode_rewards": [0.0], "episode_types": ["t"]}